city,id,year,1-1,1-2,1-3,1-4,2-1,2-2,2-3,2-4,2-5,3-1,3-2,3-3,3-4,3-5,3-6,4-1,4-2,4-3,4-4
北京市,BEJ,2019,240,162,211,9416,10.59,9.92,11.49,1.75,2.18,177,44,64,23,23,9,1682.5,1376.5,306.1,400.1
北京市,BEJ,2018,248,159,193,9172,9.98,9.36,10.74,1.71,2.1,167,45,67,23,23,7,1628.9,1332,296.9,389.2
北京市,BEJ,2017,259,161,185,9090,9.44,8.89,10.35,1.74,2.02,165,43,70,22,21,6,1569.2,1282.9,286.2,202.2
北京市,BEJ,2016,272,154,169,8908,8.94,8.43,9.81,1.62,1.77,159,44,72,24,18,7,1517.6,1239.9,277.8,191.2
北京市,BEJ,2015,295,149,158,8912,8.52,8.04,9.46,1.51,1.68,162,42,67,26,18,7,1475.7,1206.1,269.5,181
北京市,BEJ,2014,296,144,144,8802,7.99,7.53,8.85,1.35,1.55,162,36,73,26,18,7,1431.3,1171.2,260.1,173
北京市,BEJ,2013,302,134,139,8857,7.71,7.25,8.39,1.32,1.47,157,38,71,26,16,8,1354.8,1105,249.8,160.1
北京市,BEJ,2012,301,123,132,8837,7.44,6.98,7.95,1.34,1.39,153,34,75,26,20,7,1279.7,1040.6,239.1,151.9
北京市,BEJ,2011,313,104,120,8718,6.97,6.54,7.28,1.25,1.5,152,27,80,30,18,5,1188,955.2,232.8,159.8
北京市,BEJ,2010,321,90,122,8651,6.62,6.18,6.73,1.17,1.46,149,28,79,33,16,5,1063.7,848.5,215.1,150
天津市,TAJ,2019,284,55,98,5348,4.64,4.34,4.14,0.66,1.01,62,1,19,15,26,1,595,383,212.1,541.9
天津市,TAJ,2018,270,55,92,5101,4.31,4.05,3.94,0.56,0.96,60,1,17,13,29,2,575.3,367.8,207.5,541.5
天津市,TAJ,2017,284,51,88,4960,4.11,3.86,3.82,0.51,1,55,1,18,10,35,2,554.1,353.1,201,534.3
天津市,TAJ,2016,278,53,87,4844,3.78,3.54,3.61,0.47,0.95,50,1,17,12,33,2,535.7,340.3,195.4,531.1
天津市,TAJ,2015,272,48,79,4618,3.59,3.35,3.38,0.45,0.95,50,1,17,13,34,1,522,331.6,190.4,532.1
天津市,TAJ,2014,254,40,75,4419,3.33,3.1,3.16,0.41,0.93,46,1,15,12,34,2,509.6,326,183.6,514
天津市,TAJ,2013,220,37,70,4209,3.21,2.97,2.97,0.39,0.91,40,1,15,14,37,2,493.1,315.8,177.3,508.4
天津市,TAJ,2012,201,31,66,4095,3.07,2.82,2.76,0.5,0.94,33,1,13,14,36,1,479.1,310.2,168.9,502.2
天津市,TAJ,2011,195,30,65,3981,2.98,2.74,2.58,0.49,0.96,33,1,13,11,37,1,474.5,312,162.5,498.3
天津市,TAJ,2010,183,28,62,4115,2.89,2.65,2.42,0.51,0.94,31,1,14,14,40,1,470,312.5,157.5,493
河北省,HEB,2019,1456,249,372,81790,22.86,17.35,18.5,3.06,2.3,86,25,135,52,40,5,1079.2,741.9,337.3,5858.5
河北省,HEB,2018,1470,243,352,82236,21.14,16.47,17.29,3.01,2.22,84,23,128,47,42,4,1030.2,705.6,324.7,5884.1
河北省,HEB,2017,1265,218,322,78207,19.19,14.99,15.84,2.73,2.1,59,30,104,56,34,4,986.9,674.5,312.4,5896.2
河北省,HEB,2016,1086,201,295,76003,17.71,13.77,14.34,2.56,1.92,57,30,102,60,29,2,973.7,667.5,306.2,5698.4
河北省,HEB,2015,1041,193,275,75562,16.69,12.88,13.28,2.42,1.89,57,32,106,57,25,2,957,656.8,300.3,706.7
河北省,HEB,2014,894,179,237,75623,15.77,12.1,12.18,2.38,1.93,57,33,99,55,29,1,944.5,658.2,286.3,753.1
河北省,HEB,2013,826,177,231,75178,15.01,11.46,11.15,2.35,1.84,62,30,98,41,26,1,926.3,650.7,275.6,748.2
河北省,HEB,2012,809,175,230,77177,14.3,10.88,10.2,1.98,1.48,57,34,93,42,28,2,906.8,645.3,261.5,737.6
河北省,HEB,2011,824,179,209,78246,13.68,10.36,9.35,1.89,1.48,53,25,87,39,27,3,875.5,627.3,248.2,686.6
河北省,HEB,2010,812,178,204,79493,13.4,10.14,8.74,1.8,1.53,56,19,88,42,28,1,848,610,238,680
山西省,SHX,2019,665,218,482,40249,10.57,8.93,10.9,1.33,1.52,105,16,60,25,22,2,702,482.3,219.7,2564.3
山西省,SHX,2018,654,213,469,40198,9.95,8.58,10.39,1.35,1.41,108,14,63,24,17,1,686.6,479.4,207.2,2580.3
山西省,SHX,2017,684,213,464,40581,9.43,8.15,9.68,1.22,1.4,108,15,62,27,14,1,664.1,474.9,189.2,2551.3
山西省,SHX,2016,693,210,463,40288,9.17,7.91,9.21,1.13,1.37,107,17,66,27,13,1,660.2,474.8,185.4,461
山西省,SHX,2015,654,194,407,39196,9.02,7.73,8.33,1.12,1.16,95,15,67,29,11,2,650.5,471.1,179.4,463.3
山西省,SHX,2014,638,188,394,39010,8.98,7.67,7.91,1.1,1.13,84,18,64,29,12,2,657.3,481.8,175.5,443.9
山西省,SHX,2013,637,191,377,38529,8.82,7.48,7.48,1.1,1.11,76,19,63,26,14,5,646.5,479.6,166.9,439.7
山西省,SHX,2012,638,193,369,38443,8.73,7.35,7.03,1.09,1.07,61,14,70,33,19,4,621.1,463.8,157.2,434.9
山西省,SHX,2011,632,199,362,38587,8.48,7.04,6.48,0.99,1.11,62,9,63,36,21,3,595.8,444.9,150.8,409.3
山西省,SHX,2010,632,204,348,39351,8.8,7.2,6.26,1.04,1.13,60,10,54,33,30,3,562,422,140,400
内蒙古自治区,NMG,2019,397,122,161,23238,7.81,6.62,8.04,1.12,1.19,151,32,79,35,36,1,530.7,360.2,170.5,1647.7
内蒙古自治区,NMG,2018,424,117,159,23235,7.36,6.33,7.64,1.03,1.14,153,29,77,32,35,3,505.3,351.7,153.6,1659
内蒙古自治区,NMG,2017,422,113,145,22868,7.03,6.05,7.19,0.99,1.11,140,36,81,26,33,3,495.1,346.6,148.4,1666.4
内蒙古自治区,NMG,2016,402,110,134,22606,6.64,5.7,6.64,0.92,1.02,145,33,83,33,19,1,488.8,342.7,146.1,531
内蒙古自治区,NMG,2015,409,95,126,22421,6.42,5.49,6.12,0.88,1,149,31,85,29,13,1,477.4,336.1,141.4,530.6
内蒙古自治区,NMG,2014,379,79,111,22053,6.22,5.26,5.67,0.85,0.95,107,44,106,23,11,1,470.7,332.1,138.6,527.4
内蒙古自治区,NMG,2013,353,68,85,21984,6.21,5.25,5.24,0.8,0.87,96,43,105,20,10,2,464.5,330,134.5,521.7
内蒙古自治区,NMG,2012,325,62,77,22009,5.95,5.01,4.68,0.69,0.73,80,51,109,20,12,3,455.1,322.7,132.4,512.6
内蒙古自治区,NMG,2011,308,61,68,21905,5.71,4.83,4.25,0.63,0.72,91,36,106,25,12,4,438,313.7,124.3,469.3
内蒙古自治区,NMG,2010,296,61,61,21571,5.62,4.77,3.83,0.6,0.74,87,32,85,23,10,3,433.5,308.9,124.7,460
辽宁省,LIA,2019,740,193,401,32275,12.39,11.17,13.91,1.79,1.99,222,10,75,46,32,13,1552.1,911.1,641,2342.6
辽宁省,LIA,2018,761,186,395,33777,12.04,10.85,13.45,1.66,2,232,8,65,40,39,14,1567.9,945.1,622.8,2400.9
辽宁省,LIA,2017,713,155,378,33540,11.57,10.43,12.74,1.54,2,232,9,69,34,40,13,1575.9,967.5,608.4,701.6
辽宁省,LIA,2016,694,139,339,33931,10.98,9.9,11.91,1.47,1.92,247,8,54,23,33,13,1635.6,1022.7,612.9,740.4
辽宁省,LIA,2015,610,115,282,33105,10.46,9.42,11.1,1.3,1.84,245,6,52,20,34,11,1651.4,1053.7,597.7,744.8
辽宁省,LIA,2014,584,106,262,33297,10.16,9.12,10.58,1.26,1.75,237,9,46,19,36,13,1649.2,1072.5,576.7,738
辽宁省,LIA,2013,555,106,235,33521,10.33,9.23,10.34,1.31,1.73,231,8,49,24,25,14,1624.8,1077.9,546.9,708.5
辽宁省,LIA,2012,537,100,216,34249,10.1,8.99,9.8,1.2,1.64,209,14,47,20,21,16,1587,1062.1,524.8,664.9
辽宁省,LIA,2011,515,98,211,33712,9.77,8.7,9.19,1.24,1.65,184,9,34,15,21,16,1499.4,1005.3,494.1,620.7
辽宁省,LIA,2010,507,98,209,33300,9.69,8.55,8.89,1.24,1.72,156,5,23,10,18,12,1408.7,944.6,464.1,580
吉林省,JIL,2019,422,114,240,20917,7.9,6.82,7.93,1.08,1.53,110,14,61,18,23,2,525.9,333.7,192.3,2022.2
吉林省,JIL,2018,417,108,237,21371,7.71,6.73,7.62,0.99,1.54,115,11,47,16,22,3,576,366.1,209.9,2031.4
吉林省,JIL,2017,360,87,192,19647,7.06,6.18,6.71,0.91,1.4,106,14,43,17,26,2,576,368.3,207.6,804.9
吉林省,JIL,2016,375,84,188,19589,6.97,6.13,6.57,0.88,1.39,104,16,43,22,21,1,576,371.1,204.8,804.9
吉林省,JIL,2015,353,79,170,19409,6.72,5.91,6.07,0.81,1.35,98,18,43,23,20,1,575.9,376.2,199.7,804.7
吉林省,JIL,2014,346,73,154,18856,6.32,5.54,5.74,0.76,1.25,96,19,43,24,19,1,575.6,378.1,197.5,804.4
吉林省,JIL,2013,345,71,148,18968,6.2,5.45,5.27,0.76,1.2,99,18,38,21,21,1,574.9,377.4,197.5,803.7
吉林省,JIL,2012,349,72,144,18804,6.14,5.39,5.1,0.67,1.16,91,17,35,20,23,1,569.5,375.6,194,800.5
吉林省,JIL,2011,343,75,131,18882,5.96,5.26,4.79,0.81,1.18,90,10,34,22,20,2,557.2,369,188.2,793.4
吉林省,JIL,2010,346,76,134,18475,6.21,5.45,4.58,0.68,1.16,71,6,32,16,12,1,550.1,370.3,179.9,788
黑龙江省,HLJ,2019,755,169,201,18478,9.35,7.95,9.76,1.08,1.75,218,56,89,54,41,1,873.6,496.5,377.1,1963.5
黑龙江省,HLJ,2018,729,161,196,18460,8.95,7.64,9.31,1.01,1.72,206,54,86,57,43,4,856.2,498,358.2,2052.3
黑龙江省,HLJ,2017,724,152,196,18398,8.85,7.56,9.04,1,1.73,219,48,87,52,48,4,843.8,493.2,350.6,2048.8
黑龙江省,HLJ,2016,684,138,195,18256,8.44,7.21,8.54,1.02,1.64,217,42,92,47,37,5,879.5,525.5,354,720.3
黑龙江省,HLJ,2015,671,132,195,18386,8.27,7.04,8.1,1,1.65,221,41,86,49,37,5,873.7,543.6,330.1,721.1
黑龙江省,HLJ,2014,672,130,185,18725,8.14,6.89,7.77,0.95,1.66,219,42,89,49,34,5,873.9,549.6,324.3,712.5
黑龙江省,HLJ,2013,671,128,179,18883,8.05,6.82,7.4,0.99,1.63,213,40,94,40,41,4,868.1,556.5,311.6,712.3
黑龙江省,HLJ,2012,684,127,169,19470,7.86,6.68,7.01,0.89,1.48,189,38,94,47,38,4,867.8,558.3,309.6,712.5
黑龙江省,HLJ,2011,635,122,143,20142,7.68,6.54,6.61,0.87,1.53,193,31,94,52,34,9,881,587.4,293.6,697
黑龙江省,HLJ,2010,650,120,135,20461,8.03,6.82,6.28,0.88,1.52,180,25,77,42,42,10,873.7,595.3,278.4,683
上海市,SHH,2019,169,21,122,5021,7.47,7.12,9.29,1.17,1.37,120,1,19,44,89,48,1539.3,1026.9,512.4,349.8
上海市,SHH,2018,171,19,120,4729,7.16,6.78,8.8,1.16,1.33,114,2,18,44,89,48,1523.3,1020.6,502.7,342.8
上海市,SHH,2017,180,19,118,4574,6.79,6.42,8.39,1.15,1.3,109,2,17,44,82,54,1495.1,1005.4,489.7,344.6
上海市,SHH,2016,181,19,113,4470,6.54,6.18,7.94,1.07,1.22,105,2,19,43,84,54,1468.6,991.6,477,338
上海市,SHH,2015,181,18,106,4480,6.3,5.94,7.54,1.02,1.17,104,3,18,42,81,58,1446.4,980.5,465.8,272.9
上海市,SHH,2014,182,18,102,4489,6.12,5.74,7.19,0.99,0.98,102,4,18,43,79,59,1420.8,967.6,453.2,257.7
上海市,SHH,2013,185,18,97,4439,5.79,5.4,6.79,0.89,0.98,98,6,15,42,79,61,1394.1,955.7,438.4,256.4
上海市,SHH,2012,186,17,93,4379,5.58,5.17,6.32,0.84,0.94,108,4,16,42,78,61,1376,954.5,421.5,262.6
上海市,SHH,2011,180,17,91,4289,5.38,4.95,5.89,0.88,0.99,100,5,11,41,83,61,1342.1,937.9,404.1,249.7
上海市,SHH,2010,185,17,85,4261,5.3,4.86,5.59,0.84,0.97,94,3,12,38,81,68,1405.9,1017.1,388.8,235
江苏省,JSU,2019,995,151,509,31821,25.47,21.12,27.98,3.47,3.26,140,9,108,142,109,55,2954,2189.6,764.5,4894.8
江苏省,JSU,2018,1029,138,473,30295,23.33,19.39,26.04,3.19,3.26,138,9,113,138,116,51,2752.6,2029.5,723.1,4969.1
江苏省,JSU,2017,1015,121,420,29118,21.71,18.13,23.69,2.95,2.91,143,5,111,136,116,47,2601.1,1921.4,679.8,5018
江苏省,JSU,2016,1032,111,403,29099,20.46,16.99,22.12,2.52,2.64,144,5,116,131,118,30,2490.5,1849.4,641.2,1493.9
江苏省,JSU,2015,1013,104,364,28841,18.92,15.74,20.4,2.08,2.71,134,5,117,139,118,35,2429,1818.2,610.8,1585.3
江苏省,JSU,2014,999,102,343,28921,17.86,14.97,18.88,2,2.61,135,7,113,138,115,35,2361.8,1784.9,577,1435.7
江苏省,JSU,2013,991,97,331,28815,16.96,14.36,17.42,1.76,2.15,130,6,114,133,111,34,2274.7,1731.1,543.6,1152.9
江苏省,JSU,2012,964,89,321,28888,15.79,13.48,15.52,1.66,2.12,124,9,109,126,100,29,2155.5,1646.5,508.9,1453.4
江苏省,JSU,2011,849,86,308,29659,13.47,12.04,13.56,1.62,2.3,135,8,101,113,99,28,2012.4,1541.5,470.9,1488.1
江苏省,JSU,2010,754,86,284,29095,12.89,11.53,12.25,1.51,2.29,131,10,114,119,98,24,1848.3,1405.1,443.2,1488
浙江省,ZHJ,2019,577,179,509,32145,20.55,18,21.98,2.67,2.26,221,47,91,60,52,8,2426.6,1950.1,476.5,3034.9
浙江省,ZHJ,2018,555,171,473,30883,19.08,16.61,20.15,2.48,2.13,233,40,80,67,49,8,2277,1830.7,446.4,3091.7
浙江省,ZHJ,2017,529,162,438,30189,17.87,15.51,18.77,2.22,1.98,241,41,79,61,43,6,2117.4,1702.9,414.5,3134.2
浙江省,ZHJ,2016,505,152,411,29811,16.82,14.5,17.45,2.04,1.81,238,41,79,63,38,8,2017.5,1634.3,383.2,2975.8
浙江省,ZHJ,2015,485,144,366,29431,15.81,13.58,15.99,1.88,1.69,230,44,79,65,42,7,1992.7,1639,353.7,2971.4
浙江省,ZHJ,2014,444,132,319,28673,14.57,12.47,14.51,1.81,1.49,239,44,93,62,38,5,1900,1576,324.1,2947.5
浙江省,ZHJ,2013,405,129,278,28655,13.83,11.74,13.27,1.68,1.39,214,49,110,69,38,6,1791.1,1491.6,299.5,2330
浙江省,ZHJ,2012,392,122,248,28939,13,10.95,12.13,1.59,1.31,197,47,120,70,43,6,1671,1393.9,277.1,1135.8
浙江省,ZHJ,2011,368,113,230,29207,12.45,10.36,10.93,1.5,1.4,215,51,111,70,50,11,1514.4,1271.1,243.3,729.7
浙江省,ZHJ,2010,354,109,208,28642,12.04,9.94,9.96,1.39,1.45,117,38,66,52,30,7,1344.4,1117.6,226.8,600
安徽省,ANH,2019,770,125,298,24558,13.84,11.35,16.34,1.8,1.66,124,26,115,56,48,11,888.1,632.9,255.3,5843.3
安徽省,ANH,2018,723,113,262,23076,12.68,10.36,14.97,1.65,1.6,136,30,114,52,49,13,854.6,607.3,247.3,5250.5
安徽省,ANH,2017,701,107,251,22635,12.08,9.77,13.81,1.51,1.51,144,29,120,50,40,15,809.2,571.5,237.7,1298.9
安徽省,ANH,2016,678,99,236,22271,11.27,9.01,12.63,1.47,1.43,154,28,123,50,41,8,782,550.9,231.1,839.6
安徽省,ANH,2015,670,97,230,22030,10.78,8.46,11.93,1.44,1.42,155,28,122,50,44,8,763.3,542.2,221.1,974.3
安徽省,ANH,2014,640,96,215,22014,10.37,8.05,11.15,1.39,1.37,144,34,121,56,43,8,739.9,528,211.9,1016.5
安徽省,ANH,2013,633,92,197,21872,9.86,7.59,10.34,1.4,1.33,142,38,127,58,42,7,716,512.7,203.3,944.9
安徽省,ANH,2012,641,91,183,21812,9.21,7.12,9.5,1.24,1.23,141,35,123,66,41,4,685.2,493.7,191.5,974.8
安徽省,ANH,2011,644,88,168,21434,8.47,6.49,8.45,1.15,1.18,150,26,114,66,42,4,659.3,477.5,181.9,953.6
安徽省,ANH,2010,501,85,132,21751,8.65,6.58,7.73,1.16,1.15,139,21,109,58,36,3,598.5,429.2,169.3,920
福建省,FUJ,2019,376,82,199,26596,9.95,8.51,11.62,1.34,1.11,104,11,63,23,21,6,841.4,678.8,162.6,2946.7
福建省,FUJ,2018,369,80,174,26423,9.11,7.87,10.93,1.25,1.05,106,9,66,22,21,2,853.1,692,161,2951.7
福建省,FUJ,2017,360,80,153,26078,8.4,7.33,10.12,1.15,0.9,107,11,61,23,19,2,819.3,664.3,155.1,2949.3
福建省,FUJ,2016,356,79,139,26190,7.97,6.92,9.56,1.09,0.84,105,10,66,23,17,1,792.1,641.9,150.2,505.8
福建省,FUJ,2015,348,78,133,25876,7.8,6.6,9.04,1.01,0.86,109,8,60,23,18,1,759.4,612.6,146.8,541.9
福建省,FUJ,2014,345,78,123,25994,7.53,6.44,8.57,0.95,0.77,112,9,57,23,17,1,737.3,594.3,143,555.7
福建省,FUJ,2013,339,77,116,26151,7.26,6.19,7.99,0.9,0.69,118,9,52,25,17,1,703,566.6,136.4,580.8
福建省,FUJ,2012,328,75,106,26374,6.67,5.79,7.11,0.79,0.63,123,7,52,19,16,1,666.3,536.1,130.2,596.6
福建省,FUJ,2011,307,71,93,26287,6.25,5.42,6.25,0.71,0.62,111,12,54,18,13,1,579.3,453.1,126.2,637.8
福建省,FUJ,2010,292,71,81,26193,5.86,5.04,5.35,0.64,0.59,89,16,55,16,12,2,546.6,425.9,120.7,637
江西省,JXI,2019,506,110,176,35398,9.64,8.04,12.04,1.03,1.11,59,19,57,27,14,3,579,372,207,4203.4
江西省,JXI,2018,450,106,147,35020,8.73,7.33,11.09,0.93,0.96,62,18,57,26,14,3,573.7,376.4,197.3,4223.7
江西省,JXI,2017,427,104,125,36311,8.36,7.01,10.41,0.92,0.94,62,17,58,23,18,2,558.7,366.9,191.8,4203.7
江西省,JXI,2016,382,101,100,36784,7.92,6.6,9.55,0.86,0.84,55,17,57,26,11,2,591.6,388.8,202.8,1215.4
江西省,JXI,2015,364,101,95,37066,7.68,6.37,8.96,0.81,0.82,56,19,54,26,15,2,585,383.7,201.3,945.5
江西省,JXI,2014,371,100,86,37372,7.46,6.21,8.41,0.73,0.8,48,25,51,30,14,2,579.2,381.5,197.7,915
江西省,JXI,2013,359,98,84,37425,7.03,5.88,7.82,0.71,0.81,49,25,50,27,11,2,569.9,380.2,189.8,906.7
江西省,JXI,2012,360,98,83,38369,6.71,5.64,7.21,0.71,0.77,45,26,56,22,11,3,546.8,366.4,180.4,891.8
江西省,JXI,2011,356,97,81,38063,6.28,5.3,6.44,0.67,0.74,41,30,49,18,9,2,535.9,365,170.9,793.8
江西省,JXI,2010,329,96,72,33019,6.19,5.25,5.84,0.65,0.76,64,31,56,19,10,5,532.1,365.6,166.5,780
山东省,SHD,2019,1507,320,679,79825,31.53,25.98,34.14,4.67,3.25,240,23,96,81,84,43,2173.8,1624.3,549.5,7395.8
山东省,SHD,2018,1550,290,646,77614,29.04,24.53,32.27,4.35,3.18,246,13,101,80,80,44,2072.1,1560.1,512,7364.9
山东省,SHD,2017,1502,263,611,75106,26.46,22.76,29.36,4.14,3.2,225,12,99,73,88,35,2013.1,1526.8,486.3,7282.6
山东省,SHD,2016,1250,196,532,72904,24.49,21.08,26.84,4.02,2.9,219,16,107,82,73,21,1960,1494.4,465.6,7228.8
山东省,SHD,2015,1217,189,494,73041,23.71,20.3,25.42,3.79,2.76,220,21,99,79,71,23,1904.4,1464.5,439.9,7331.4
山东省,SHD,2014,1195,179,454,72834,23.09,19.58,24.57,3.65,2.52,217,20,99,88,63,23,1860.2,1448.8,411.4,2127.8
山东省,SHD,2013,1158,169,436,72108,23.18,19.49,24.01,3.1,2.11,205,24,107,79,69,25,1809.7,1418.1,391.7,1838.2
山东省,SHD,2012,1016,158,360,66462,20.05,16.81,19.17,2.66,1.91,199,27,94,68,70,30,1734.1,1368.5,365.6,1367.1
山东省,SHD,2011,974,157,347,65954,18.6,15.53,17.1,2.45,1.91,220,18,94,57,58,26,1637.1,1299.6,337.5,1310.7
山东省,SHD,2010,917,149,302,64797,18.52,15.37,15.67,2.22,1.85,194,18,69,46,34,13,1541.3,1224.6,316.7,1280
河南省,HEN,2019,1209,317,388,67561,25.14,19.18,27.89,3.69,3.6,153,18,113,87,84,13,1281.6,906.6,375.1,9008.1
河南省,HEN,2018,1118,287,371,67730,23.56,18.04,26.31,3.77,3.64,147,16,118,84,76,11,1265.1,903.8,361.3,9170.6
河南省,HEN,2017,1003,257,331,67307,22.03,16.58,24.16,3.75,3.61,153,9,115,74,81,14,1228.2,883.9,344.4,9182.5
河南省,HEN,2016,985,258,322,67174,20.67,15.21,22.21,3.65,3.46,148,14,105,86,62,9,1227.3,882.7,344.6,1133.4
河南省,HEN,2015,951,238,310,67092,19.86,14.3,20.54,3.53,3.5,144,10,107,86,64,9,1200.7,864.1,336.6,1144.2
河南省,HEN,2014,877,233,285,66952,18.93,13.44,19.11,3.36,3.4,145,11,102,79,57,8,1182.4,855.2,327.2,1157.6
河南省,HEN,2013,879,220,287,67281,18.06,12.6,17.65,3.28,3.28,131,12,106,80,48,6,1140.2,826.8,313.4,1157
河南省,HEN,2012,832,201,243,67252,16.76,11.63,15.6,2.48,2.53,114,12,95,70,50,5,1082.2,789,293.2,1140
河南省,HEN,2011,797,197,217,74208,15.67,11.13,13.71,2.4,2.43,94,6,90,68,39,5,1016.4,744.3,272.2,1105.8
河南省,HEN,2010,794,186,207,73865,15.48,11.02,12.14,2.41,2.53,74,5,64,54,34,5,957.4,698.7,258.7,1060
湖北省,HUB,2019,562,126,310,33919,15.36,12.85,19.42,2.29,2.25,72,5,59,67,115,32,1093.2,761.8,331.4,4469.4
湖北省,HUB,2018,561,123,279,34912,15.2,12.66,19.09,2.21,2.19,82,4,62,59,114,33,1054,732,321.9,4532.2
湖北省,HUB,2017,569,118,261,34756,14.73,12.21,18.43,2.13,2.06,76,3,68,66,104,30,1018.9,702.7,316.2,4603.3
湖北省,HUB,2016,551,115,237,34703,14.17,11.7,17.49,2.05,1.99,80,5,65,61,102,29,961,660.5,300.5,1020.8
湖北省,HUB,2015,532,109,208,34563,13.6,11.22,16.51,1.95,1.96,83,5,68,62,95,29,949.4,653.1,296.3,1022.7
湖北省,HUB,2014,483,102,169,34503,12.61,10.39,14.41,1.74,1.81,104,2,61,51,85,22,933.3,646.4,286.9,1034.7
湖北省,HUB,2013,444,98,153,34042,11.72,9.65,12.79,1.69,1.78,123,3,58,51,80,19,922.8,642.1,280.7,1037.8
湖北省,HUB,2012,414,95,126,34063,10.91,9.01,11.57,1.53,1.67,120,5,60,52,74,20,921.2,656.5,264.7,1039.1
湖北省,HUB,2011,393,91,111,34509,10.21,8.53,10.21,1.47,1.69,126,6,62,56,59,22,902.8,648.2,254.6,1029.7
湖北省,HUB,2010,394,87,107,33164,9.95,8.37,9.38,1.41,1.68,51,9,50,49,45,18,847.8,608,239.8,1019
湖南省,HUN,2019,875,187,506,54859,19.05,14.73,24.05,2,2.48,49,18,118,76,86,23,930.6,631.6,299,5785.4
湖南省,HUN,2018,877,174,454,53788,18.09,13.94,18.4,2.09,2.43,45,17,115,70,88,21,898.5,605.9,292.6,5939.5
湖南省,HUN,2017,773,144,361,56302,17.3,13.26,17.26,1.96,2.25,47,17,123,60,74,16,867.1,581.8,285.4,6039.1
湖南省,HUN,2016,745,141,340,58245,16.06,12.24,16.15,1.85,2.3,55,19,116,61,48,14,829.6,557.1,272.5,1816.6
湖南省,HUN,2015,703,138,300,58586,15.08,11.24,14.93,1.78,2.38,58,17,112,56,44,9,818.8,551.7,267.1,1843.6
湖南省,HUN,2014,612,135,249,57637,13.34,9.91,13.62,1.77,2.28,62,22,107,53,32,8,807.9,546.1,261.8,1492.8
湖南省,HUN,2013,564,133,205,58519,12.72,9.4,12.57,1.7,2.23,73,19,103,42,34,5,799.3,541.7,257.5,1516.9
湖南省,HUN,2012,493,128,161,57177,11.64,8.65,11.29,1.44,1.76,69,17,103,42,30,6,797.6,548.8,248.8,1544.3
湖南省,HUN,2011,486,129,151,58214,11.26,8.32,10.19,1.34,1.75,64,21,100,39,31,6,789.5,546.6,242.9,1151.7
湖南省,HUN,2010,482,126,127,57972,11.04,8.18,9.23,1.22,1.74,49,20,102,39,25,3,777.4,540.5,236.9,1000
广东省,GUD,2019,911,170,501,51064,29.11,24.36,35.63,3.04,3.5,940,14,57,51,61,13,4375.7,3850.2,525.6,6407.7
广东省,GUD,2018,882,167,458,48684,27.64,22.92,33.46,2.83,3.36,912,17,55,52,60,15,4170.7,3665.4,505.3,6445.1
广东省,GUD,2017,844,163,423,47071,25.8,21.27,30.77,2.69,3.22,904,21,52,52,57,12,3962.6,3483.5,479.1,6402.4
广东省,GUD,2016,813,155,385,46033,24.32,19.95,28.38,2.64,3.12,892,22,53,50,52,13,3814.1,3353.5,460.6,6336.1
广东省,GUD,2015,793,149,359,45013,22.85,18.68,25.41,2.39,3.04,887,21,55,53,49,13,3711.8,3272.2,439.7,6424.2
广东省,GUD,2014,760,148,337,44675,21.68,17.61,23.35,2.34,2.9,872,17,63,49,43,13,3647.1,3226.1,420.9,6157.1
广东省,GUD,2013,740,142,326,44470,21.03,17.02,21.76,2.31,3.01,850,19,66,46,42,13,3473,3089.2,383.8,5706.8
广东省,GUD,2012,727,142,305,44585,19.9,15.94,19.95,2.09,2.74,820,17,63,48,44,11,3373.4,3010.6,362.8,5048.4
广东省,GUD,2011,694,141,278,44034,18.62,14.85,18.27,2.09,2.85,823,15,67,46,40,11,3234.3,2893.8,340.5,3532.8
广东省,GUD,2010,674,147,255,43018,17.45,13.98,16.79,2.03,2.95,787,11,40,27,31,12,3000,2685.6,314.5,3500
广西壮族自治区,GXI,2019,385,102,159,31853,11.51,9.4,15.24,1.5,1.64,99,7,26,26,12,3,620.5,444.5,176,4586.6
广西壮族自治区,GXI,2018,365,96,136,31826,10.6,8.65,14.04,1.4,1.68,103,8,28,17,9,3,588.5,421,167.5,4548.2
广西壮族自治区,GXI,2017,350,95,120,32034,10.11,8.22,13.17,1.28,1.67,102,7,21,14,13,2,556.7,396.6,160.2,4616.5
广西壮族自治区,GXI,2016,330,93,97,32020,9.67,7.78,12.26,1.23,1.77,101,6,22,12,8,1,530.7,375.7,155,565.7
广西壮族自治区,GXI,2015,325,91,91,32216,9.16,7.34,11.32,1.16,1.77,100,5,19,11,7,2,505.5,356.7,148.8,572.1
广西壮族自治区,GXI,2014,298,90,82,32497,8.65,6.84,10.4,1.08,1.75,102,5,18,9,8,2,482.6,338.8,143.8,584.7
广西壮族自治区,GXI,2013,295,88,78,32117,8.33,6.52,9.48,0.98,1.55,104,3,15,6,4,1,466.6,328.8,137.8,564.4
广西壮族自治区,GXI,2012,290,86,79,33257,7.8,6.13,8.55,0.76,1.09,102,3,13,4,5,1,456.3,322.7,133.6,555.3
广西壮族自治区,GXI,2011,292,85,76,33132,7.42,5.83,7.65,0.68,1.11,96,2,13,8,3,1,437.2,308.4,128.8,544.1
广西壮族自治区,GXI,2010,285,85,69,31856,7.08,5.62,7.02,0.64,1.13,107,3,15,7,2,1,413.5,290.5,123,530
海南省,HAI,2019,165,22,51,5057,2.39,2.03,3.21,0.3,0.44,22,1,11,5,10,1,236.1,171.5,64.7,684.5
海南省,HAI,2018,158,17,38,4981,2.23,1.87,3,0.28,0.43,14,1,6,4,9,1,225.7,162.9,62.9,689.7
海南省,HAI,2017,153,18,31,4846,2.08,1.73,2.84,0.28,0.38,15,1,6,4,7,1,209.6,149.1,60.4,209.9
海南省,HAI,2016,158,17,30,4805,1.99,1.63,2.65,0.24,0.4,15,1,5,2,7,1,201,143.9,57.1,186.2
海南省,HAI,2015,155,17,25,4714,1.9,1.53,2.47,0.2,0.38,11,1,3,1,6,1,196.3,140.7,55.6,193.4
海南省,HAI,2014,150,16,20,4754,1.76,1.41,2.24,0.21,0.34,15,1,1,1,5,1,191.7,138,53.7,195.2
海南省,HAI,2013,148,17,21,4689,1.67,1.33,2.09,0.2,0.33,13,1,3,1,4,1,220,169.3,50.6,186.6
海南省,HAI,2012,152,19,22,4839,1.55,1.22,1.94,0.18,0.31,12,1,4,2,3,1,205.2,157.7,47.5,173.2
海南省,HAI,2011,148,19,20,4513,1.55,1.23,1.82,0.18,0.31,8,1,4,2,1,1,186.2,141,45.3,166.1
海南省,HAI,2010,145,19,21,4379,1.45,1.13,1.63,0.15,0.29,7,1,4,2,1,1,166.9,123.7,43.2,152.2
重庆市,CHQ,2019,453,128,196,20001,8.33,6.74,10.31,0.93,1.45,42,3,39,35,62,22,720.6,520.3,200.3,2551.4
重庆市,CHQ,2018,454,110,174,19535,7.64,6.18,9.51,0.96,1.35,55,2,32,33,54,25,678.3,485.9,192.4,2587
重庆市,CHQ,2017,459,92,161,18748,6.85,5.52,8.49,0.91,1.33,63,2,25,34,52,22,640.3,455.3,184.9,2608.2
重庆市,CHQ,2016,452,76,142,19044,6.47,5.15,7.75,0.84,1.25,63,2,29,37,47,23,604.8,425.3,179.5,2654.5
重庆市,CHQ,2015,439,56,121,18986,6.1,4.77,7,0.73,1.11,80,1,26,34,43,20,588.5,414.5,174,2677.8
重庆市,CHQ,2014,404,48,103,17886,5.81,4.43,6.27,0.62,1,90,1,26,32,33,21,575.8,408.8,167,2681.1
重庆市,CHQ,2013,382,46,94,18025,5.51,4.17,5.55,0.61,0.96,94,1,24,28,34,17,539.5,380.6,158.9,2695.3
重庆市,CHQ,2012,331,43,80,17310,5.2,3.88,4.98,0.56,0.87,70,1,32,25,29,16,496.5,348.6,147.9,2722.6
重庆市,CHQ,2011,307,43,75,17037,4.96,3.67,4.28,0.49,0.82,74,2,19,24,34,8,458.5,325.4,133.1,866.3
重庆市,CHQ,2010,296,44,69,16900,4.8,3.54,3.76,0.43,0.79,75,3,16,20,25,7,406.2,280.6,125.6,855.1
四川省,SCH,2019,1507,247,582,80500,22.17,18.5,27.05,2.36,3.67,142,27,107,74,70,13,1778.1,1279.4,498.7,6838.8
四川省,SCH,2018,1484,232,552,78427,20.5,17.13,24.73,1.94,3.48,140,25,106,76,66,10,1667.7,1186.3,481.4,6969.5
四川省,SCH,2017,1444,222,490,77487,19.49,16.27,22.85,2.01,3.26,143,26,109,68,61,10,1526.4,1068,458.4,6188.4
四川省,SCH,2016,1362,204,437,76619,18.54,15.36,20.76,2.03,3.13,150,25,111,61,56,10,1440.6,1001.3,439.4,3616.2
四川省,SCH,2015,1291,198,391,76214,18.15,14.88,19.06,2,3.06,141,28,105,64,48,11,1378.6,959.8,418.8,1272.1
四川省,SCH,2014,1217,189,363,76110,17.95,14.5,17.55,2.01,3.18,143,22,107,62,55,8,1329.4,921.9,407.5,1247.1
四川省,SCH,2013,1144,184,345,75161,17.39,13.91,15.85,1.78,2.96,137,18,104,55,53,12,1282,887.6,394.5,1204
四川省,SCH,2012,1013,173,309,74215,16.29,12.96,13.98,1.61,2.64,137,12,93,58,51,10,1240.9,859.1,381.8,1142.9
四川省,SCH,2011,925,173,249,73646,15.38,12.25,12.13,1.61,2.52,119,21,95,53,42,16,1169.1,803,366,1079.3
四川省,SCH,2010,833,166,221,72244,14.52,11.52,10.49,1.34,2.04,118,16,79,41,39,11,1051.9,703.6,348.3,972.3
贵州省,GUI,2019,954,98,254,26806,8.98,7.16,12.14,1.23,1.76,74,32,87,38,31,2,462,342.3,119.7,3724.7
贵州省,GUI,2018,957,97,222,26374,8.15,6.53,10.91,1.23,1.6,75,28,64,28,35,2,432,316.2,115.7,3801.6
贵州省,GUI,2017,940,95,203,26378,7.55,6.04,9.8,1.15,1.5,80,21,46,26,28,1,410.4,298.9,111.5,590.9
贵州省,GUI,2016,923,90,177,26172,6.9,5.54,8.6,1.06,1.39,64,18,40,25,19,1,389.8,281.5,108.3,583.8
贵州省,GUI,2015,920,87,149,26175,6.34,5.04,7.6,0.97,1.31,63,18,42,22,20,1,372.7,267.5,105.2,582.7
贵州省,GUI,2014,821,83,135,26432,5.78,4.56,6.72,0.89,1.08,57,11,46,23,20,1,354.8,254.9,99.9,332.4
贵州省,GUI,2013,765,82,122,26657,5.6,4.42,5.87,0.85,1.01,49,14,41,24,15,2,344.7,246.6,98.1,327.4
贵州省,GUI,2012,600,70,89,26264,4.92,3.95,4.86,0.7,0.83,48,13,48,18,11,2,329.3,233,96.3,319
贵州省,GUI,2011,472,67,73,24957,4.54,3.65,4.16,0.58,0.72,36,11,36,18,9,1,314.1,220.7,93.3,314.9
贵州省,GUI,2010,414,67,64,24498,4.34,3.48,3.62,0.48,0.67,35,9,33,15,11,1,293.5,205.3,88.2,315.1
云南省,YUN,2019,893,158,295,23638,11.4,9.37,15.85,1.7,1.11,78,20,33,32,27,7,528,373.4,154.6,4005.5
云南省,YUN,2018,843,141,267,23108,9.97,8.22,13.69,1.56,1.09,79,16,35,31,31,7,506.9,356.6,150.3,4014
云南省,YUN,2017,838,136,244,22868,9.39,7.79,12.85,1.44,1.08,76,15,37,28,33,6,491.3,344,147.3,3972.5
云南省,YUN,2016,787,131,236,22395,8.59,7.15,10.6,1.28,0.99,77,16,34,31,27,4,479.1,334.7,144.5,684.5
云南省,YUN,2015,725,124,219,21833,7.96,6.62,9.33,1.16,0.94,66,13,40,26,22,4,468.3,327.6,140.7,672.5
云南省,YUN,2014,706,120,199,21835,7.54,6.23,8.28,1.03,0.93,59,13,38,30,21,2,462.6,324,138.6,673.3
云南省,YUN,2013,670,112,180,21913,7.49,6.13,7.33,1.01,0.87,54,11,37,25,20,4,458,324.6,133.3,660.8
云南省,YUN,2012,636,107,160,21887,6.85,5.66,6.08,0.85,0.78,47,8,43,24,18,3,452.2,322.7,129.5,430.2
云南省,YUN,2011,586,101,137,21800,6.47,5.38,5.23,0.76,0.69,45,9,35,29,15,2,443.4,316.8,126.6,422.4
云南省,YUN,2010,535,101,126,21505,6.33,5.26,4.94,0.7,0.71,55,6,38,22,9,4,414.8,293.3,121.4,401.6
西藏自治区,TIB,2019,108,0,8,6635,0.93,0.71,0.6,0.21,0.13,1,3,6,0,0,0,47.7,36.5,11.2,299.3
西藏自治区,TIB,2018,108,0,11,6539,0.83,0.62,0.56,0.17,0.13,1,4,5,0,0,0,43.9,34.1,9.8,298.8
西藏自治区,TIB,2017,109,0,9,6533,0.76,0.57,0.45,0.11,0.12,1,5,4,0,0,0,40,30.9,9.1,29.9
西藏自治区,TIB,2016,105,0,9,6546,0.65,0.48,0.38,0.08,0.09,1,5,2,0,0,0,36.8,28.3,8.6,28.5
西藏自治区,TIB,2015,102,0,8,6531,0.62,0.44,0.32,0.09,0.09,2,4,3,0,0,0,34.3,26.2,8.1,27.5
西藏自治区,TIB,2014,88,0,3,6542,0.56,0.4,0.27,0.07,0.07,1,3,3,0,0,0,33,25.2,7.8,25.9
西藏自治区,TIB,2013,85,0,2,6479,0.52,0.37,0.24,0.09,0.06,2,2,3,0,0,0,30.6,23.4,7.2,24.3
西藏自治区,TIB,2012,84,0,1,6412,0.4,0.29,0.17,0.07,0.05,6,1,3,0,0,0,27.6,20.4,7.1,22.6
西藏自治区,TIB,2011,83,0,1,6356,0.42,0.32,0.21,0.06,0.06,1,1,3,0,0,0,24.9,18.3,6.6,18.7
西藏自治区,TIB,2010,82,0,1,4718,0.45,0.33,0.2,0.05,0.06,2,1,3,0,0,0,23.5,16.9,6.6,15.3
陕西省,SHA,2019,756,168,262,33619,10.87,8.93,15.04,0.38,2.66,129,21,61,34,20,1,712.9,508.5,204.4,3248
陕西省,SHA,2018,764,163,230,33412,9.9,8.29,13.8,0.38,2.61,134,22,55,29,15,1,674.4,476.8,197.6,3211.5
陕西省,SHA,2017,766,157,210,33808,9.32,7.82,12.7,0.36,2.52,127,22,51,32,16,1,619.8,429.2,190.5,631.2
陕西省,SHA,2016,740,157,176,34017,8.57,7.16,11.68,0.34,2.42,141,19,44,31,13,1,599.6,411.1,188.5,648.4
陕西省,SHA,2015,704,154,145,34098,7.95,6.62,10.43,0.4,2.46,130,20,42,31,17,2,580.3,392.9,187.4,667
陕西省,SHA,2014,694,144,129,34202,7.65,6.32,9.72,0.43,2.38,130,21,44,33,15,2,574.2,389.8,184.4,671.9
陕西省,SHA,2013,664,145,120,34118,7.44,6.09,8.96,0.44,2.3,132,20,42,33,16,3,571.7,390,181.7,672.5
陕西省,SHA,2012,628,140,112,34889,6.95,5.7,7.94,0.38,1.82,126,23,39,29,17,2,547.5,371.7,175.8,571.3
陕西省,SHA,2011,622,142,102,35033,6.57,5.37,7.02,0.46,1.81,110,20,45,31,16,2,540.3,367.4,172.8,550.2
陕西省,SHA,2010,597,139,88,34389,6.6,5.36,6.18,0.52,1.75,104,12,20,11,14,2,474.2,322.9,151.2,535.3
甘肃省,GAN,2019,381,124,163,24761,6.28,5.02,7.95,1.01,0.9,75,27,59,31,16,1,344.3,230.2,114.1,2228.6
甘肃省,GAN,2018,354,109,120,25785,5.96,4.82,6.43,0.83,1.01,81,25,56,20,15,1,331.6,220.8,110.8,2215.1
甘肃省,GAN,2017,307,91,97,26579,5.61,4.54,5.84,0.8,1.11,86,25,59,24,9,1,320.2,212.2,108,2192
甘肃省,GAN,2016,276,82,64,25791,5.28,4.28,5.05,0.75,1.18,85,27,54,21,13,1,314.4,208.5,106,328.9
甘肃省,GAN,2015,278,81,62,25459,4.96,4.01,4.78,0.7,1.21,88,28,56,21,11,1,307.9,208.1,99.8,327
甘肃省,GAN,2014,275,76,54,25254,4.77,3.86,4.55,0.66,1.26,91,27,54,19,11,1,302.6,206.4,96.2,328.1
甘肃省,GAN,2013,273,73,54,25514,4.49,3.65,4.1,0.45,0.53,94,28,53,20,7,2,297.1,206.9,90.2,325.7
甘肃省,GAN,2012,264,70,54,25631,4.3,3.49,3.72,0.4,0.47,90,28,53,17,8,2,293,205.3,87.7,323.6
甘肃省,GAN,2011,258,68,45,25884,4.09,3.32,3.37,0.39,0.46,81,25,45,19,5,1,291.1,202.8,88.2,299.8
甘肃省,GAN,2010,260,69,40,25930,3.93,3.2,2.99,0.38,0.47,51,15,24,16,3,1,290.2,204.4,85.9,250.8
青海省,QIH,2019,124,14,37,6114,1.74,1.47,1.89,0.28,0.17,12,4,13,2,4,1,103.7,68.1,35.7,454.2
青海省,QIH,2018,124,14,40,5994,1.62,1.37,1.76,0.29,0.18,10,3,11,3,3,2,99.4,65.3,34.2,455.9
青海省,QIH,2017,122,13,37,5980,1.55,1.32,1.65,0.26,0.16,12,7,5,3,4,1,94,61.2,32.8,455
青海省,QIH,2016,113,13,37,5908,1.37,1.18,1.44,0.21,0.13,13,5,5,3,2,2,97.9,66,31.8,98.8
青海省,QIH,2015,112,13,22,5860,1.38,1.16,1.32,0.19,0.13,11,5,6,2,4,1,95.6,65.1,30.4,99.6
青海省,QIH,2014,114,13,21,5878,1.3,1.1,1.27,0.17,0.12,7,4,7,1,2,2,93.3,64.2,29.1,97.1
青海省,QIH,2013,89,13,13,5701,1.32,1.13,1.15,0.18,0.12,4,2,6,1,3,1,89.7,62.1,27.6,91.6
青海省,QIH,2012,86,13,13,5658,1.19,1.02,1,0.14,0.11,4,3,5,1,3,1,86.1,59.4,26.7,86.2
青海省,QIH,2011,79,13,12,5608,1.14,0.97,0.97,0.12,0.15,3,2,7,1,2,2,82.4,56.6,25.9,69.2
青海省,QIH,2010,79,13,10,5503,1.06,0.89,0.83,0.13,0.1,2,2,7,1,2,1,78.7,53.5,25.2,60.1
宁夏回族自治区,NXA,2019,143,29,43,4077,2.08,1.81,2.43,0.29,0.29,21,1,12,2,1,1,141.1,103.1,38,492.6
宁夏回族自治区,NXA,2018,153,26,45,4121,1.94,1.71,2.33,0.24,0.3,15,1,8,2,1,0,131.9,95.6,36.3,494.3
宁夏回族自治区,NXA,2017,143,24,37,3966,1.82,1.62,2.16,0.22,0.29,12,1,6,1,1,0,123.5,88.9,34.6,494.8
宁夏回族自治区,NXA,2016,123,22,39,3968,1.71,1.53,1.81,0.21,0.24,13,1,4,1,1,0,117.5,84.5,33,476.6
宁夏回族自治区,NXA,2015,112,19,32,3981,1.59,1.42,1.61,0.22,0.2,12,1,3,1,1,0,114.8,82.6,32.2,470
宁夏回族自治区,NXA,2014,105,19,32,3918,1.5,1.33,1.51,0.17,0.2,13,1,2,1,1,0,116.1,85.1,31,462.5
宁夏回族自治区,NXA,2013,99,19,32,3898,1.43,1.27,1.4,0.17,0.19,10,1,1,1,1,0,108.6,79.1,29.5,456.9
宁夏回族自治区,NXA,2012,92,19,27,3904,1.3,1.15,1.25,0.16,0.16,10,1,1,1,1,0,106.6,78.1,28.5,455.2
宁夏回族自治区,NXA,2011,102,19,26,3886,1.23,1.09,1.16,0.12,0.17,7,2,1,1,1,0,100.2,73.1,27.1,88.5
宁夏回族自治区,NXA,2010,108,18,26,3878,1.23,1.1,1.03,0.11,0.17,6,2,1,1,1,0,94.1,67.7,26.4,80.2
新疆维吾尔自治区,XIN,2019,678,61,118,16851,6.79,5.6,7.73,1.18,0.84,101,2,44,21,11,8,605.1,436.9,168.1,1688.1
新疆维吾尔自治区,XIN,2018,671,62,115,16833,6.33,5.19,7.23,1.15,0.82,107,4,35,23,6,10,579.4,416.7,162.7,1671.5
新疆维吾尔自治区,XIN,2017,676,64,119,17059,6.23,5.1,7.06,1.1,0.82,105,4,46,19,8,7,534.6,381.8,152.7,505
新疆维吾尔自治区,XIN,2016,689,62,110,17124,6.03,4.95,6.76,1.03,0.81,106,2,45,17,9,6,517.7,369.7,148,405.5
新疆维吾尔自治区,XIN,2015,705,57,101,17075,5.73,4.72,6.39,0.96,0.76,108,3,44,16,9,5,505.9,363.3,142.6,385.2
新疆维吾尔自治区,XIN,2014,681,55,93,17178,5.48,4.5,5.98,0.86,0.75,106,2,43,18,9,5,498,359.9,138.2,387.1
新疆维吾尔自治区,XIN,2013,667,51,92,17190,5.3,4.36,5.66,0.78,0.72,107,5,40,14,10,5,488,353.7,134.3,389.1
新疆维吾尔自治区,XIN,2012,648,50,87,16970,5.05,4.14,5.24,0.7,0.66,91,5,37,13,14,5,469.1,339.5,129.6,382.9
新疆维吾尔自治区,XIN,2011,641,46,83,16120,4.95,4.03,4.88,0.69,0.68,77,1,34,15,13,5,446.6,321.4,125.2,378.5
新疆维吾尔自治区,XIN,2010,624,43,86,14715,4.91,3.98,4.45,0.7,0.71,74,2,30,16,12,5,417.7,298.8,119,373.3
全国,ALL,2019,19963,4221,8531,954390,386.69,321.08,444.49,50.41,54.38,4149,537,1976,1282,1270,349,32924.4,24224.7,8700.5,102482
全国,ALL,2018,19693,3977,7900,943639,360.73,301.02,409.88,47.66,52.9,4160,499,1890,1212,1250,349,31680.8,23307.6,8373.3,102778
全国,ALL,2017,18921,3695,7220,933024,338.97,282.9,380.4,45.13,50.88,4117,499,1852,1159,1205,320,30322.6,22288.2,8034.2,87358.6
全国,ALL,2016,18020,3462,6642,926518,319.09,265.16,350.69,42.63,48.33,4110,497,1830,1165,1051,271,29531.3,21720.1,7811.6,44860.1
全国,ALL,2015,17430,3267,6023,920770,303.92,250.84,324.14,39.95,47.25,4069,494,1803,1156,1021,272,28893.2,21362,7531.2,37688.6
全国,ALL,2014,16524,3115,5478,917335,289.22,237.5,300.39,37.99,45.14,4002,508,1809,1138,959,261,28296.1,21041.4,7254.9,31450.8
全国,ALL,2013,15887,3015,5127,915368,279.47,228.58,278.33,35.98,42.12,3907,513,1810,1072,928,264,27443.3,20501.4,6941.9,29629.6
全国,ALL,2012,15021,2889,4665,912620,261.61,213.88,249.61,31.9,37.29,3676,508,1798,1039,914,257,26485.7,19861.3,6624.2,27156
全国,ALL,2011,14328,2831,4283,918003,246.61,202.04,224.41,30.59,37.49,3594,443,1701,1023,854,259,25226.9,18948.3,6278.4,22115.8
全国,ALL,2010,13681,2778,3956,901709,241.33,197.29,204.8,29.03,37.05,3215,380,1459,882,751,230,23734.6,17791.2,5943.6,21294.3
